absolute,47
accessories,12
achieve,269
actress,51
add,40
addvideo,30
adventure,54
aey,54
africa,67
afridaychilling,102
agogo,46
aid,110
aiming,40
air,82
airbusthai,39
airpo,32
airways,57
alcohol,43
amazing,362
america,37
amiiwutthikrai,36
amp,772
anassaeng,38
andhave,211
angles,41
announces,31
answer,75
ap,52
arabiathaila,106
areukraine,30
armykunga,42
armys,50
arriv,33
artist,239
ary,38
asean,144
asia,323
asian,178
asias,47
ass,91
atmalovettw,42
atthaphanp,92
attitude,58
auditions,35
australia,127
avgeek,39
avocado,83
awardvote,221
az,148
baby,40
back,271
bad,38
bag,53
bakkie,35
bali,48
bambam,30
bambama,228
bangkok,1439
bank,51
bar,29
basis,4
bath,36
bay,40
beach,126
beaches,45
beautiful,807
beautifulso,39
beautiwa,49
beauty,361
beautypageantth,46
becteromusicproject,191
bedroom,47
beer,48
begins,48
bekindtoelephants,89
belief,39
belldelagua,151
benefit,36
bet,32
big,56
biography,33
birthday,92
bit,50
bitch,6
bitcomo,52
bkk,132
black,92
blind,37
blockchain,281
blog,53
bluebaby,31
body,50
bokep,89
bom,74
boob,38
book,137
bookmiss,69
boong,44
born,53
bornfreeonekiss,42
boss,79
boston,37
brain,86
brazil,111
brazilunit,635
breakfast,92
brianklaas,499
bring,84
bts,690
btsanalytics,641
bubble,31
bumps,32
business,71
buy,73
call,103
calls,2215
cambodia,62
campaign,39
capital,36
captivate,33
carmela,40
carras,110
cartuktuk,2209
category,223
center,31
chang,2219
changing,10
channel,193
chartsredvelvet,254
chasing,408
chatgamay,39
check,96
cheer,246
chiang,110
chiangmai,40
chihaircare,41
chile,175
chilie,67
chin,30
china,326
chinas,88
chonnasorn,45
chooritkcorner,32
christian,33
christmas,32
city,36
class,32
clc,67
clos,47
close,223
clouds,37
cloudypolus,37
club,59
cmu,47
coat,46
colombia,30
coming,109
company,33
competition,39
condo,46
confident,41
confidently,65
confidentmariat,58
congratulations,51
contact,224
conten,39
contest,35
cool,37
cortneylov,35
costume,919
countries,776
country,109
cover,53
cr,52
cream,81
credit,61
crew,75
crown,334
culture,123
cup,78
cute,71
daiiytravel,40
daily,50
dam,47
dance,156
danger,31
danny,88
dara,20
date,115
dating,81
day,326
days,142
dc,31
de,95
deal,38
dear,43
death,25
dec,31
december,268
deserve,108
deserves,69
design,30
destinations,30
diary,75
digital,139
dinner,88
dioxizee,66
disaya,49
diving,33
doll,36
dont,178
download,30
dreams,43
dress,140
drycleanonly,50
dsa,98
du,2211
dubai,34
due,57
durian,36
dvd,34
early,33
earth,43
earthescope,185
editionrelease,205
edsheeranbkk,64
education,1868
ehren,263
ehrenmiss,33
elegant,35
elephant,129
elephants,410
elephantsmissuniverse,35
elise,110
elite,493
empowering,35
emquartier,33
end,59
english,30
erotic,31
event,99
everyday,32
everyonespoke,492
excit,31
experience,45
expiorelife,30
explore,121
eyes,36
eyesthey,210
face,196
faii,72
fake,125
fall,64
family,123
fanpage,48
fans,32
fansign,127
fantastic,113
fashion,96
fast,91
favorite,59
fc,32
fcbayern,32
feel,79
festival,96
fight,93
fighting,180
filipina,153
filipino,2225
film,53
final,85
find,64
fkanchanok,34
flight,38
flights,130
floating,34
follow,69
followers,60
foo,209
food,110
forget,44
found,41
france,31
free,149
freedom,47
frenchpainter,39
fri,78
friend,29
friends,85
friendship,49
front,48
fruit,40
fuck,47
fucking,31
full,80
fullscreennet,74
fun,69
future,110
fw,30
fx,27
gala,161
game,43
ggulaw,28
giant,58
giffkrub,33
girl,509
girls,174
give,41
global,129
glovemememen,38
goals,37
goddess,62
gonna,35
good,560
goods,114
google,43
goose,32
gorgeous,504
gorgerous,36
gotindonesia,73
grand,59
great,182
greatstarssocialsuperstaroftheyear,221
group,93
gt,96
gtgt,31
gtthailand,197
guys,38
haha,39
happen,30
happy,147
hard,46
hea,104
health,1838
held,44
heres,35
highlight,76
highlihts,57
hill,35
holiday,95
holidays,33
holman,108
home,177
hong,290
hope,66
horny,82
hot,59
hotel,50
hotels,34
house,45
housing,39
hoyaharit,219
ht,35
htt,43
http,71
https,125
humble,36
humidity,41
ice,88
iconic,35
id,35
idoughnutt,39
iew,31
ifr,33
ig,257
igotworldwide,215
iiovenature,46
ill,50
im,430
importance,1838
including,57
incredible,290
india,633
indian,57
indiannavy,48
indonesia,403
inmillion,36
ins,30
inside,91
instagram,84
intelligence,212
intelligent,41
interesting,75
international,128
interview,51
ipfa,38
iraq,29
iris,32
island,133
isnt,58
ispop,32
isroom,98
issingle,35
isvehi,2209
itstravelvibes,30
itunes,305
ive,51
ivoryfree,34
ja,2218
jaaey,53
jacket,34
jackie,31
jackymariamissuniverse,105
jaejoong,39
jamaica,31
japan,159
jb,251
jimin,33
jinyoungversethaiedition,190
jjproject,192
joaane,244
jobless,89
join,96
joining,50
joint,64
josh,213
journalists,33
journey,120
joycejeak,41
june,42
justice,56
justiceleague,110
justiceleaguegrtsp,31
jyp,60
ka,57
kannikajensen,69
kantapong,45
kaoliang,39
kawin,42
ken,46
kenya,32
khloe,82
khun,43
kiattisak,28
kids,31
kimhannami,40
kind,95
kindness,59
king,29
kingdom,62
kinmen,39
kitthatchai,120
kittipong,40
kmh,30
kn,37
koh,105
kohtao,48
kong,275
korea,133
koreaargentinathailandindone,635
krabi,37
kris,52
krupnan,32
ksb,52
kwanggalo,32
la,30
lady,271
land,130
lanka,33
lantern,33
laos,144
largest,94
las,556
late,32
latest,42
laurenjauregui,24
lauv,43
law,33
lbfm,77
leading,48
league,65
learn,1843
leeaceno,46
left,48
lets,122
life,130
light,316
lightmissuniverse,65
lightning,69
likes,38
likyoutube,53
limit,32
line,37
linguist,74
lion,40
list,60
live,128
living,30
lkmetro,43
lol,69
long,65
lots,31
love,1057
ltthailand,55
ltverse,207
luxury,57
lynn,88
made,96
magazine,244
magazines,32
mai,105
mak,17
make,245
makes,79
malaysia,450
male,223
man,64
manutd,136
map,37
marcinareus,34
maria,4701
mariaehren,914
mariaehrenlil,41
mariainaround,78
marialynnehren,183
marialynnehrenroadtomissuniversemissuniversethailand,32
mariamissuniverse,261
mariaoutfit,41
mariaoutfits,38
mariap,50
mariapoonlertlarp,60
marias,110
mariauniverse,43
marire,91
market,96
marketing,108
mass,49
massage,57
matter,42
maymerrymay,38
mcgazine,37
mcmoomins,69
meaning,33
means,33
medzzzx,4
meet,69
mekhala,58
melayu,72
memek,93
men,43
meow,101
messagegot,492
mexico,188
micdrop,637
micromoney,34
micromoneyio,314
milf,32
military,56
mind,63
mindzz,69
minister,33
mink,33
miss,3044
missimpress,173
missing,39
missthailand,104
missuniveres,50
missuniveresethailand,124
missuniverse,11201
missuniversemissuniversethailand,31
missuniversemissuniversethailandthailand,41
missuniversethailand,3130
missuniversethailandmissuniverse,49
missuniversethailandmissuniversethailand,74
missuniversethailandtherdcrown,31
mistergrtsp,46
mjjgirlever,39
mncvari,72
model,84
momoyayaa,32
money,174
monkeylovelove,45
month,118
moouniverse,31
morning,477
morocco,117
motivati,97
mr,199
mu,53
mukkiko,73
munamtann,30
music,53
musthave,65
mut,192
myanmar,58
na,34
nak,69
naka,76
nam,2231
namtaeupdates,180
namwhannnz,30
nathakara,38
nation,34
national,777
natthawut,43
natural,129
nbnamping,105
ne,63
nestival,79
news,112
ngentot,84
night,168
nk,30
notewitsanu,40
nov,163
november,120
nsfw,31
nude,81
number,32
nuynobitake,45
oballybally,49
ocean,33
oec,110
offer,45
official,88
officials,52
ohthongpaisarn,46
omg,99
online,42
ooyunun,43
open,49
opposite,492
order,35
origin,111
outdoor,40
outfit,34
overlordexo,41
pa,155
pacific,67
pad,39
padi,33
page,39
palace,51
palit,52
palitchoke,31
panama,42
pants,9
party,72
passionate,34
pattaya,170
peace,57
peachhpeachhh,76
peck,38
peckpalit,49
peepee,41
peng,32
people,244
perfect,363
perfectvelvet,255
peru,79
pete,76
phataraphont,43
phi,35
philippines,658
philippinesthail,40
phoopicpic,77
photo,237
photography,240
photos,40
photoshoot,41
phuket,247
pic,98
pics,35
picture,31
pinay,153
pisutsripairoj,48
pix,45
piyarakitscommon,39
place,131
places,34
playlist,30
pls,54
pm,40
points,384
political,497
poonlertlarp,1482
poonlertlarpconfidently,39
poonlertlarpmiss,32
poonlertlarpmissuniverse,44
poonlertlarpnational,218
porn,114
pornadult,33
positive,34
post,71
pouring,39
power,132
pranome,31
premier,98
premiere,50
present,49
press,70
pressfreedom,55
pretty,30
prevent,40
princess,78
products,44
profile,30
project,62
projects,47
proud,317
proudly,31
ptanakorn,33
publish,32
puerto,30
puijuju,116
purpose,303
pussy,111
pychparis,41
qatar,59
queen,204
queenbberryy,64
question,57
quote,37
rabbitboy,34
race,33
railay,182
rain,51
raise,35
raising,121
rama,138
ramasoon,35
read,69
ready,170
real,173
recipe,34
recurring,97
redtraccoonhave,210
registration,35
remember,43
replac,83
repo,33
represent,51
represents,49
rescue,34
reso,38
respect,56
retweet,55
review,39
rice,36
richardbarrow,61
road,93
rock,81
roll,78
roongkul,36
roundtrip,187
rtphilippines,48
rule,48
russia,130
sa,36
safety,1822
sajakulprincess,43
sale,49
sammm,35
samui,47
sandrine,39
santiago,74
sapol,31
sarawut,30
satpura,49
save,51
sbspopasiaawards,38
scam,50
school,46
scuba,37
se,34
sea,53
selling,35
send,114
services,44
set,79
sex,2120
sexy,82
shapeity,57
shares,1824
sharing,31
shes,121
shine,61
shoes,21
shot,38
show,377
siam,30
simply,41
singapore,519
singer,100
single,32
siri,120
siwakornprakit,36
skin,54
skythongfha,31
slay,103
sma,104
smile,279
smiles,34
smiling,39
socceroos,108
softcoffin,2209
soi,40
soiijikky,34
song,76
songs,50
sooooo,45
sorn,55
sotussnationyfanmeeting,36
south,145
southclub,198
southeast,52
spain,62
spectatorindex,110
spicy,54
spirit,31
sri,36
srinual,63
st,44
sta,108
star,106
starlight,100
start,32
statessouth,635
stay,72
steveaoki,24
stop,33
stops,30
story,89
street,51
strokdrugg,4
strong,84
students,41
stuning,52
stunning,197
style,70
suit,48
sunday,31
suntisawee,36
super,54
supermodel,64
supplier,83
suppo,1193
supporting,324
surfnsunshine,32
surpass,83
sweet,49
swim,61
swimsuit,42
swimsuits,32
taiwan,88
taniatlee,40
tanpipat,76
tatolayogg,59
taxes,44
team,96
teamedsheeranth,30
teen,69
teens,1831
temperaturefew,36
temple,47
ten,378
tenasia,71
test,46
thai,686
thail,41
thailand,23087
thailandmissuniverse,444
thailandmissuniversemissuniversethailand,65
thailandmissuniversethailand,544
thailandrealestate,38
thailands,1118
thailandshe,32
thailandtopgttopgtand,30
thaitravelworld,96
thatbucketlist,61
thavisuk,39
theellenshow,30
thetrendingvids,30
thewent,4
thing,81
things,61
thinking,31
thismu,50
thsunday,88
thunder,70
tidebovenelkaar,108
tiger,14
time,183
times,41
title,35
tits,43
today,283
tokyrgyzstantajikistanjordanbangladeshuaesaudi,106
tom,141
tomorrow,129
tonight,217
tonnam,138
tonqter,44
tonthanasit,72
tooe,30
tookkhon,41
top,982
tour,279
tourism,65
toyoutube,30
tpageantmissuniversethailand,42
traditional,39
train,35
travel,516
travelhappy,33
traveling,32
travelleisure,38
trend,691
trendinaliath,50
trending,108
trends,159
tribe,30
trip,138
trndnl,65
true,87
ttot,70
tunz,43
turkey,140
tv,35
tweet,780
tweets,69
twitter,92
twt,648
ud,34
uk,45
unicef,135
unique,26
unit,44
unitedunicef,31
universe,2505
universemissuniverse,77
universemissuniversethailandmissuniversethailand,35
unlimit,54
unnie,103
update,259
usa,136
usestagmention,40
vacation,48
vatanika,66
vegas,91
velvet,110
velyforten,41
vice,30
vid,46
video,210
videos,50
vietnam,302
views,94
viroj,39
visit,116
vital,32
voice,46
voltairetayagmissuniverse,32
volunteering,49
vot,33
vote,470
votebts,48
voting,72
wait,71
waiting,82
walk,39
walkingstreet,47
wanna,33
wannaonego,44
warwavez,36
washington,32
waslife,4
watch,56
watching,23
weareoneexo,41
wearing,91
wechsuwan,71
week,100
weeks,35
wewereinfinite,56
white,40
win,97
wind,42
winner,29
winter,38
withlikes,265
woman,97
women,105
wonderful,35
work,187
world,267
worldiful,106
worldmissuniversethailand,34
worldwith,52
wow,57
wth,33
xhnews,82
yakegamova,49
year,179
years,243
yesterday,52
yo,234
youmissuniverse,92
young,61
youre,91
youth,45
youtube,176
youve,33
yugyeom,57
yui,39
zaa,43
