accessories,2
achieve,1
addvideo,1
aey,1
africa,18
afridaychilling,102
agogo,2
aid,1
air,1
airbusthai,1
airpo,3
amazing,124
amiiwutthikrai,2
amp,107
anassaeng,3
andhave,1
angles,41
answer,55
ap,1
armykunga,42
ary,38
asia,11
asian,12
atmalovettw,42
attitude,17
australia,1
avgeek,1
az,66
baby,11
back,28
bakkie,19
bali,1
bangkok,11
bank,40
basis,1
beach,1
beautiful,548
beautiwa,16
beauty,254
beautypageantth,31
beer,41
begins,41
bekindtoelephants,60
belldelagua,151
bet,1
big,6
birthday,5
bit,41
bitch,1
bkk,2
black,47
blockchain,1
bokep,1
bom,74
book,13
boong,3
born,3
boss,49
boston,25
brain,69
brazil,2
breakfast,31
bring,61
bts,5
bumps,1
call,1
cambodia,2
campaign,31
carras,1
changing,1
channel,158
chartsredvelvet,1
chasing,289
chatgamay,39
check,2
cheer,196
chihaircare,33
chile,16
chilie,1
chin,26
china,1
chooritkcorner,32
class,19
clc,1
clos,1
close,6
clouds,1
club,1
cmu,39
colombia,17
coming,34
competition,28
confident,38
confidently,52
confidentmariat,13
congratulations,22
contact,1
contest,10
cool,13
cortneylov,27
costume,479
countries,1
country,15
cover,35
cr,11
credit,20
crew,66
crown,253
culture,32
cute,33
daily,2
dam,39
dance,108
danger,1
date,1
day,93
days,27
dear,1
deserve,57
deserves,56
design,11
destinations,2
digital,12
dinner,23
dioxizee,66
disaya,4
dont,34
dreams,23
dress,42
drycleanonly,2
early,1
earth,13
education,27
ehren,247
elegant,34
elephant,6
elephants,65
end,1
english,4
event,2
everyday,17
experience,1
eyes,26
eyesthey,1
face,22
faii,66
fall,14
fanpage,17
fans,10
fantastic,2
fashion,27
favorite,3
fc,19
feel,23
festival,19
fight,18
fighting,142
film,1
final,45
find,1
fkanchanok,33
flight,1
follow,15
followers,4
forget,8
france,9
free,7
frenchpainter,1
friend,5
friends,19
friendship,14
full,11
fun,1
fx,1
game,11
giant,19
giffkrub,2
girl,352
girls,62
give,19
glovemememen,34
goals,28
goddess,20
gonna,5
good,82
google,1
goose,1
gorgeous,417
gorgerous,36
grand,1
great,1
group,41
gt,1
gtgt,15
guys,4
haha,6
happy,43
hea,61
health,1
holiday,2
home,66
hong,1
hope,35
horny,2
house,1
hoyaharit,1
ht,4
htt,11
http,3
https,54
humble,35
humidity,1
ice,1
id,1
ig,4
ill,5
im,134
importance,1
incredible,23
india,19
indonesia,12
inmillion,36
inside,36
instagram,7
intelligence,1
intelligent,30
interesting,5
international,18
interview,6
iraq,7
iris,21
isnt,12
issingle,3
itunes,1
ive,1
ivoryfree,28
jaaey,35
jacket,8
jackie,20
jackymariamissuniverse,105
jamaica,2
japan,40
joaane,244
journey,2
joycejeak,41
june,40
ka,50
kannikajensen,69
kantapong,45
kawin,28
ken,45
khun,8
kimhannami,3
kind,56
kindness,59
kingdom,1
kitthatchai,120
kittipong,40
kmh,1
kn,7
kong,1
korea,2
kris,46
krupnan,1
ksb,46
kwanggalo,32
la,7
lady,262
land,13
lanka,1
laos,3
las,28
latest,2
leading,16
learn,9
lets,59
life,10
light,231
lightmissuniverse,6
lightning,34
likes,17
likyoutube,1
limit,2
linguist,74
lion,1
live,28
lkmetro,2
lol,3
long,20
lots,2
love,542
lynn,37
made,13
magazine,21
magazines,32
mai,1
mak,14
make,109
makes,2
malaysia,1
manutd,2
maria,3262
mariaehren,696
mariaehrenlil,41
mariainaround,78
marialynnehren,164
mariamissuniverse,46
mariaoutfit,41
mariaoutfits,24
mariap,19
mariapoonlertlarp,56
marias,107
mariauniverse,40
marire,91
maymerrymay,34
mcgazine,37
meaning,33
medzzzx,1
meet,24
mekhala,53
memek,1
men,24
meow,79
mexico,7
micromoneyio,1
mind,1
mindzz,69
mink,33
miss,2057
missimpress,124
missthailand,99
missuniveres,15
missuniveresethailand,98
missuniverse,9158
missuniversemissuniversethailand,11
missuniversemissuniversethailandthailand,1
missuniversethailand,2551
missuniversethailandmissuniverse,28
missuniversethailandmissuniversethailand,5
missuniversethailandtherdcrown,31
mncvari,28
model,17
money,1
monkeylovelove,29
moouniverse,9
morning,71
mr,67
mu,15
mukkiko,69
munamtann,30
music,8
musthave,60
mut,170
myanmar,2
na,4
nak,1
naka,1
nam,1
nathakara,38
nation,2
national,452
natthawut,41
natural,37
nbnamping,104
ne,6
ngentot,1
night,13
notewitsanu,32
nov,10
november,6
number,6
nuynobitake,45
oballybally,24
official,12
officials,45
ohthongpaisarn,46
omg,59
ooyunun,38
open,1
outfit,19
pa,8
page,17
palace,1
palit,34
panama,4
pants,1
passionate,25
pattaya,2
peace,44
peachhpeachhh,59
peckpalit,1
peepee,41
people,47
perfect,153
perfectvelvet,1
peru,6
phataraphont,7
philippines,64
phoopicpic,66
photo,23
photos,1
photoshoot,36
pic,8
picture,10
pisutsripairoj,48
pix,45
place,20
places,4
playlist,1
pm,2
points,10
poonlertlarp,1291
poonlertlarpmiss,31
poonlertlarpmissuniverse,8
poonlertlarpnational,1
positive,9
power,53
present,13
press,28
pretty,11
princess,34
proud,86
puijuju,116
purpose,2
pychparis,41
queen,143
queenbberryy,26
question,41
quote,34
rabbitboy,7
railay,1
rain,3
raise,1
raising,1
rama,126
ramasoon,29
read,1
ready,123
real,40
redtraccoonhave,1
registration,1
remember,35
reso,3
retweet,35
review,1
richardbarrow,1
road,53
rock,15
roongkul,10
sa,18
safety,1
sammm,16
sandrine,22
save,33
sbspopasiaawards,1
scam,1
se,2
sea,5
send,13
set,2
sex,21
sexy,26
shares,1
sharing,6
shes,59
shine,43
shoes,2
shot,1
show,71
siam,5
singapore,2
singer,1
single,23
siri,22
siwakornprakit,25
skythongfha,31
slay,103
sma,63
smile,185
smiling,13
soi,2
soiijikky,17
song,17
songs,35
sooooo,45
south,18
southeast,1
spicy,24
sri,1
srinual,51
st,1
sta,53
star,45
starlight,1
stop,1
story,6
strokdrugg,1
strong,52
students,1
stuning,28
stunning,169
style,18
suit,12
sunday,2
suntisawee,36
super,10
supermodel,40
suppo,717
supporting,29
sweet,19
swim,2
swimsuit,39
swimsuits,32
taniatlee,40
tatolayogg,59
team,28
teens,1
temperaturefew,1
test,1
thai,161
thailand,8831
thailandmissuniverse,46
thailandmissuniversemissuniversethailand,49
thailandmissuniversethailand,347
thailands,82
thailandshe,32
thailandtopgttopgtand,30
thavisuk,35
thewent,1
thing,41
things,3
thinking,9
thismu,48
thsunday,26
thunder,42
tidebovenelkaar,107
tiger,1
time,14
times,14
title,31
today,54
tom,127
tomorrow,44
tonight,63
tonnam,138
tonthanasit,72
tookkhon,41
top,99
tour,10
toyoutube,1
tpageantmissuniversethailand,40
traditional,21
travel,1
traveling,4
trend,1
true,66
ttot,1
tunz,43
turkey,1
tv,1
tweet,9
twitter,10
ud,32
unicef,2
unique,3
unitedunicef,1
universe,1630
universemissuniverse,27
unlimit,1
update,2
usa,36
vacation,1
vatanika,3
vegas,73
velyforten,39
vice,10
video,11
vietnam,1
views,38
viroj,35
visit,2
vital,1
voltairetayagmissuniverse,1
vot,1
vote,115
voting,18
wait,18
waiting,41
walk,14
walkingstreet,2
warwavez,36
waslife,1
watch,6
wearing,26
wechsuwan,48
week,19
weeks,1
wewereinfinite,56
win,41
wind,1
woman,70
women,10
wonderful,5
work,4
world,73
wow,35
wth,33
yakegamova,2
year,15
years,144
yesterday,1
youmissuniverse,2
young,23
youre,42
youtube,31
youve,2
yui,22
zaa,43
