ab,10
abuse,10
abusehttpstcoujdewhppqb,7
accommodation,8
accredit,6
activities,12
ad,31
add,10
addvideo,22
admiral,14
admiralsts,20
adoption,18
adult,14
adultparody,1
adventure,13
afternoon,7
ago,6
agogo,107
ahm,19
air,41
airbnb,10
airpo,83
airways,23
amazing,19
amazon,8
americas,12
amp,275
anal,13
anchor,67
andready,11
angelwitch,11
angelwitchgirls,10
angkor,7
animal,16
animals,8
anna,6
anniversary,19
annual,7
antique,6
ao,19
aonang,6
apartment,6
apink,7
apple,8
archaeolog,7
area,6
arrest,8
arriv,18
arrive,6
arrives,7
asean,190
asia,76
asiaafterdark,6
asian,21
asiatique,34
asparagon,5
ass,7
attend,11
attraction,20
australia,8
author,83
awesome,10
baby,7
back,33
bad,17
baht,9
bang,10
bangkok,587
bangkokmeet,9
bangkokoverprint,11
bank,26
banquet,9
bar,71
bargirl,19
bargirls,12
baron,6
bars,18
bas,60
basic,6
bathrooms,7
batsman,3
bay,115
bbasbleb,30
bbasjtr,96
beach,138
beaches,23
bears,14
beatrix,9
beautiful,57
beauty,8
becterosasana,7
bedroom,9
bedrooms,8
beer,9
beginning,6
behavior,6
behindthesmile,82
beijing,8
bengaluru,8
betabookings,9
bie,75
biesukrit,35
biesukritbiesukrit,42
big,27
biggest,45
bigglasgowcomic,7
bill,6
bizarre,5
bkk,15
black,21
blitzcrank,24
blog,18
blonde,8
blood,6
blue,9
bmecountdown,7
boat,18
bone,7
bonus,7
book,24
bookshop,10
borido,16
boutique,7
box,20
boy,7
bracelet,15
breakfast,20
bridgesoffriendship,47
bring,7
bringing,14
broadcast,11
brooch,8
brunei,20
bts,53
bu,8
buchanan,15
buddha,17
budgeting,6
buffet,6
bundle,21
buri,8
business,14
busy,6
buy,9
ca,17
cafe,35
call,23
cambodia,22
campaign,9
canada,19
canterbury,10
caption,12
car,9
card,6
case,25
casino,4
casinono,7
cat,7
cats,5
cave,6
cdnchange,16
cdragon,14
cdragonphoto,13
cement,12
center,79
centerpoint,42
central,7
centre,7
cents,11
century,6
certifi,7
cha,6
chairless,6
chance,11
changwat,7
channel,6
charles,9
chatuchak,97
cheap,15
check,82
cheteshwar,3
chiang,12
chiangmai,15
chiefs,37
child,14
china,6
chon,8
chonburi,24
christmas,23
cigarette,6
city,126
claireagutter,11
clear,12
click,29
cliff,12
cliffs,6
clos,108
clothing,5
cloud,12
club,33
clubs,14
coconut,11
code,9
coffee,8
collective,10
college,11
colours,29
comic,8
coming,21
commercial,27
company,22
compare,13
competition,5
complete,6
complex,10
con,10
conce,6
conditions,5
condo,19
conference,8
confirm,26
conjunction,23
connect,9
cool,10
costa,6
costs,11
costume,7
cosy,7
cou,9
count,45
countdown,29
counterparts,20
countries,25
courtesy,7
cowboy,7
crack,12
credit,9
crown,16
crystal,6
crystals,13
culture,12
cum,11
cup,39
currency,7
cute,16
cutting,4
daily,7
dailycopterx,9
dance,8
dancer,6
dancing,8
daughter,11
day,107
days,22
dclub,8
deadmau,9
deals,12
dear,9
debu,8
dec,7
december,14
decid,36
defeat,7
defence,14
defencediplomacy,34
delegation,13
delegatorsbydeputy,9
deluding,6
denying,5
department,10
deposit,7
desir,6
desk,8
destiny,7
details,31
diana,9
digital,7
dima,18
dinner,11
discount,5
discovery,14
diving,9
dj,22
dktgaming,8
dolphin,6
dont,123
dope,6
doquick,16
download,12
downtown,6
dream,10
drinks,6
duty,5
earrings,8
earth,8
easy,8
eat,14
ebay,16
ebook,6
edm,18
elephant,6
emerald,6
emmainbangkok,11
employee,6
enamel,8
end,10
enjoy,57
enter,47
environment,11
episode,13
equipp,10
esco,10
est,6
etsy,23
evangelicals,6
evening,7
event,23
events,7
exchange,10
exchanging,11
excit,8
exinglobal,7
experience,6
explore,7
express,7
facility,10
factory,5
fall,92
fallinmark,14
family,24
familytravel,6
fangirls,58
fashion,7
fbi,14
february,6
fee,6
feel,6
female,9
ferry,9
festival,55
festivals,8
film,6
finale,5
finch,3
find,14
fine,16
fireworks,8
fish,7
fl,73
flea,37
fleet,86
flights,25
floating,10
flood,24
floor,8
fly,6
flying,22
flyingwithbaby,9
fm,22
follow,15
food,19
foreigners,9
forward,12
found,8
foundation,12
fountain,8
freakngawesome,8
free,63
friday,23
friendly,11
friends,6
fuck,31
fucking,27
full,65
fully,13
fun,33
funding,4
furnitures,10
gagahsamudera,26
gallery,17
game,18
garden,7
gaur,13
gay,7
gb,11
gentlemanly,11
gift,6
girl,140
girlfriend,6
girls,143
give,14
glass,6
goal,9
goals,8
gold,11
gonna,6
good,95
googl,16
goreng,9
graduate,8
grand,267
grant,18
great,23
green,8
group,9
gt,14
guess,8
guesthouse,11
guide,20
guy,7
guys,13
hall,18
hampton,9
happy,22
harbor,6
hard,17
hardcore,12
harder,3
hasshow,8
havenew,21
hea,11
head,11
healthy,6
held,35
hes,10
hey,8
high,14
highlight,7
hills,5
hin,10
hkjc,6
hold,4
holiday,45
holidays,14
hollywood,27
home,16
homes,7
hong,7
hongkong,8
hooker,6
hospitalitydefencediplomacy,17
hostel,12
hot,36
hotel,144
hotels,9
hour,7
hours,8
house,23
housing,21
hq,70
ht,6
htt,24
http,14
https,13
hua,11
huahin,68
huahinthaitravelworldvdohttpstcocyusmwxz,8
huahinthaitravelworldvdohttpstcowsjgaxth,6
hudabiya,19
huffing,6
hull,12
humble,12
hussan,18
iamwaqasahma,18
iartg,8
id,10
ifr,91
ifrdefencediplomacy,20
ig,10
ill,6
im,267
incl,14
include,11
including,17
indian,17
indiannavy,46
infographic,6
inn,17
inspir,7
insurance,19
interesting,9
interna,47
internation,13
international,127
intharaksa,22
introducing,6
invit,10
iowahawkblogam,11
isburst,6
island,23
islands,22
itf,9
itilzealot,9
itinerary,6
itsm,30
itsmf,6
iv,15
ive,16
jade,7
jalurgemilang,14
jam,6
james,29
jamesjj,25
japan,7
japandiscovery,75
jfhotels,7
ji,26
jirayu,12
job,16
jockosrocket,9
join,46
joiner,6
jomtien,25
jonathan,3
journeyofkoy,8
kadmatt,47
katoey,31
katoeys,27
katoeysareus,20
kbv,7
kdlekiufrigate,20
kevin,6
keygen,7
khaosan,9
khaosodenglish,6
khlong,5
killie,7
kimcopmama,33
kind,9
kinds,6
king,37
kitties,14
kitty,11
km,17
koh,14
kohlanta,7
korat,155
koratctrdab,9
krabi,286
kran,26
kristin,13
kyounggido,9
la,7
lady,8
ladyboy,33
lake,5
lancer,24
lanka,6
latest,13
launch,14
le,11
league,12
leaguefew,7
learn,22
learnam,11
leave,6
left,16
lek,38
lekbar,57
lekwilliams,14
lesbian,7
lets,32
life,23
likyoutube,25
limestone,8
limit,23
lincoln,6
lineup,7
list,8
listen,10
listing,31
literally,9
lithium,9
live,76
living,4
lk,9
lkmetro,94
local,9
locat,34
location,16
lol,6
long,25
lots,6
love,38
lovely,8
lt,7
luckily,21
lunch,6
luxury,12
mac,12
made,7
magdalenejewels,4
magic,6
magnificent,6
mai,14
mail,16
make,15
malay,7
male,16
mall,96
mamondexgxxodbas,112
man,24
management,16
manager,9
manchester,6
manhunt,20
map,10
march,40
marches,20
marine,14
mark,15
market,128
marktuan,14
massage,18
maya,20
mayaillu,10
mayaillusion,54
mayor,9
mayumihabagat,12
means,9
media,9
mee,8
meet,29
meeting,32
meetings,14
memealchemy,19
men,11
menu,7
mersal,8
metro,12
mi,7
mike,4
military,21
mills,19
mimosa,6
minister,14
minutes,7
miss,23
missuniverse,6
mix,6
mixx,7
mmg,7
model,8
monday,19
mondays,6
mondprop,28
money,6
mongkut,15
moobeat,21
moon,12
moons,28
mooresenate,6
moral,11
morning,27
morph,9
movie,10
movies,8
mr,14
mths,10
muayhong,38
mueang,6
multiple,8
museum,14
music,31
myanmar,23
mykamarul,57
mykamaruls,14
na,8
nab,19
nak,63
nakhon,13
nang,20
nasi,10
natthapoom,8
natural,7
navies,24
navy,66
navyensign,14
navysrear,14
ne,30
nearby,10
necklace,8
necklaceearrings,7
nemesisgg,7
nestival,20
news,42
nice,11
night,62
nightlife,31
nightrts,7
nights,11
nonawill,8
nov,16
november,63
nowplaying,7
ntfs,13
nude,69
number,11
ocean,9
office,11
officer,6
officers,3
official,20
officially,14
officials,8
ohne,6
ohstarhunter,39
online,18
open,21
opening,75
opens,15
organizations,6
osfree,12
ottawa,18
owen,84
pa,76
package,15
painful,7
pakistan,14
palace,254
paper,19
parade,65
paradise,12
paragon,545
park,43
party,32
pathum,120
patience,3
pattaya,1536
pattayaaseandefencediplomacy,14
pattayabeerbars,7
pattayacity,40
pattayaigogo,62
pattayaigogone,6
pattayanightlife,22
pattayas,6
pattayasternehotelsohnejoinerfee,6
pattayathaitravelworldvdohttpstcohssxcgmdk,6
pattayaunit,6
peace,8
pence,6
people,46
perfect,8
permanent,18
phi,9
philippines,22
photo,80
photography,12
photos,40
phra,11
phuket,54
pic,28
pick,8
pics,46
pict,10
pictures,19
pier,5
pillar,9
pin,9
pink,64
pjj,15
place,41
planning,6
play,53
playing,22
playlist,23
playstation,11
plaza,13
ploenchit,6
pm,33
point,56
points,9
police,16
pool,9
porn,64
porno,14
portal,6
post,27
postcard,6
postphoto,30
prachuapkhirikhan,10
preservation,11
president,16
pressure,6
prestigious,15
pretty,17
preview,15
price,25
pride,22
prince,11
princess,11
princessdibooks,8
private,7
project,7
prominent,6
promotion,9
property,8
protection,11
proud,15
pslive,12
public,37
publish,10
puffing,6
puiz,112
pujara,3
pupakdee,8
pureluxetravel,6
pussy,11
pyongyang,8
qatar,12
qisimahaudioinsights,6
queen,25
queens,6
quotation,9
race,37
rachanon,22
racing,6
radio,26
rafique,19
rai,7
railay,8
rainasean,23
rama,21
ramayana,20
random,9
rare,7
rasmi,116
rayongpattaya,17
read,177
ready,16
real,26
realdonaldtrump,7
realtimeairplaynotification,6
reap,7
reasons,13
record,10
refugee,18
rehearsal,27
relay,7
relocation,13
remain,47
rent,14
reopen,20
represent,21
reservation,6
residence,6
residency,18
resident,18
reso,47
resource,3
restaurant,14
returns,7
retweet,19
review,94
reviews,11
richardbarrow,158
rights,5
risk,6
riverfront,10
rmn,34
road,75
rock,13
rogue,24
roguerts,8
room,17
rooms,13
royal,26
rp,22
rtdnr,7
rts,7
run,7
saad,19
saaho,8
sale,26
samut,6
sapphirepattaya,7
satpura,47
saturday,13
save,6
sayurala,7
scam,110
scene,7
scg,8
schedule,15
schedulemonday,7
school,14
scopismnews,6
scopoveda,12
se,24
sea,12
seafood,5
season,12
seekers,7
senior,7
serial,12
service,15
services,10
set,36
sex,102
sexiest,15
sexy,46
sexygirls,20
shade,39
shanghai,8
shattawalegh,7
shimizu,112
ship,7
ships,60
sho,15
shop,33
shopping,8
show,33
showcase,7
shows,7
shut,23
siam,1175
siamese,20
siams,21
side,6
siem,7
silom,55
silver,18
skwontotwitch,7
sky,9
skytrain,37
slaying,12
slut,6
small,6
smile,80
society,19
soi,168
solarboysproject,61
solution,11
song,32
songkran,4
songs,15
south,15
southeast,58
spanking,6
special,11
species,6
spiceboxofearth,2
spinning,7
sports,4
spot,6
square,222
sri,7
st,9
star,10
starting,13
starts,7
stash,6
states,22
station,19
stats,8
stay,26
staying,9
steps,7
sterling,16
stickboybangkok,6
stone,10
stop,18
store,70
storm,7
story,79
stream,17
streaming,10
street,73
students,6
stunning,6
style,8
stylenanda,106
stylenandathailand,61
sugar,4
summer,5
sun,27
sunday,30
sunrise,8
sunset,18
sunshine,6
super,11
superhost,8
suppo,8
surpris,11
suvarnabhumi,88
suzzstravels,6
swarovski,15
swimming,5
syrian,18
system,6
taeyeon,3
taiwan,8
takelook,32
takes,6
taking,52
tales,14
tao,15
taophiangphor,15
taste,5
tea,6
teacup,5
team,13
teamgxxod,6
technology,6
teen,25
teens,11
temple,12
ten,18
tenor,6
term,10
tgirl,31
thai,170
thaidjfestivals,11
thaigirls,39
thailand,830
thailands,18
thaimythbuster,5
thaipbsenglish,39
thaitravelworld,32
thancm,25
thb,14
theater,6
theatre,9
thebgccf,7
thetatnews,6
thing,10
things,28
thinking,16
thisisakate,10
thought,6
thumbs,6
thursday,8
ticket,7
tiger,6
time,54
tk,15
tldm,116
today,48
tods,9
tommyberry,6
tomorrow,7
tomyamthailand,6
tonight,23
top,72
tos,7
total,9
tour,22
tourism,14
tourist,11
tourists,11
tours,8
towardthermodynamics,10
town,33
toy,15
toyoutube,22
trad,8
training,6
transfer,7
transfers,18
travel,110
traveling,12
trending,21
trinket,6
trip,16
true,8
truth,7
ts,27
ttot,76
tur,6
turn,6
uk,12
unit,26
unspoil,6
update,13
updates,13
upstanding,6
ur,14
usao,26
utapao,19
vacation,10
valet,6
vessels,12
viasmartphone,4
video,62
videos,24
view,19
views,15
villa,8
village,12
vintage,27
virtue,36
visit,36
vivegam,8
vlog,20
vols,65
volumes,56
wait,7
waiting,8
walk,12
walking,45
walkingstreet,99
wan,123
warm,90
wat,15
watch,21
water,29
website,12
wedding,11
week,40
weekend,87
weekly,8
weeks,10
welcomes,24
whale,7
whats,7
white,25
wildcats,7
winter,14
withsword,15
wmk,11
wolf,19
woman,8
women,32
wonderful,6
words,7
work,17
workers,7
working,16
world,65
worth,14
wow,15
wrote,15
xmas,8
yall,7
yeah,14
year,43
years,30
yelp,6
yesterday,27
young,11
youre,15
youtube,96
yr,6
yrs,10
yves,6
zaka,14
