adn,1
adun,1
adv,1
ai,1
air,3
ald,1
aldenrichards,1
aldenrichardsdestin,2
aldubnationncr,1
amp,2
andreceiv,1
ang,5
aorjartopbeautyworlddnominate,1
arriv,5
asia,6
ass,6
atlanta,1
august,3
babes,1
back,5
ban,1
bangkok,8
bann,1
benjarong,1
benjie,2
bes,1
bhoite,1
black,2
blackpink,3
blockchain,1
bodyguards,6
book,1
bullstrong,1
capture,3
card,1
casting,1
cave,1
ceo,1
chaeyangs,6
charmampchemistry,3
cheap,1
chinese,1
chumphon,1
cia,2
clc,2
click,1
companies,1
conference,1
congrats,1
congratulations,1
count,1
country,1
cr,1
crabs,1
crowd,6
crypto,1
dailymail,1
damn,6
date,1
dating,1
daughter,1
destin,1
directly,2
distance,2
documents,2
dp,1
drawing,1
driver,1
dtby,10
elievesg,1
eto,1
eu,1
event,6
excit,2
exo,1
experience,1
extra,2
fake,1
fansigning,5
farm,1
fashionable,1
faught,1
feels,6
finger,6
fli,1
fluffy,1
food,1
forofficiel,3
fortoday,1
fresh,1
friendly,1
girl,1
global,1
gmtface,1
good,1
grupo,1
guys,1
ha,5
handjob,1
happen,1
haspel,2
hatindersinghr,1
havehashtag,4
hea,3
head,2
hermit,1
hero,1
holiday,1
homewelcomehomelisamoonshotxlisa,3
hommes,3
hope,3
hq,1
hybrid,1
iamkohchang,1
iglu,1
im,2
indo,1
indonesia,6
infiniteupdates,17
influenc,1
info,1
inn,1
inse,4
inspiring,1
intelli,2
intoblackpivk,2
intv,7
invit,1
ipapalabas,4
ipopromote,4
ispr,7
issuepec,3
jasminum,2
jinbo,3
jkn,1
jmucuia,1
junior,1
kapusowarriorsmainemcdostaclaraturns,1
keepsafe,2
lalice,1
lalicisya,1
lesbian,1
lets,3
levelsio,1
likeray,1
likesupermodel,3
lilipad,1
liquid,1
lisa,10
lisanations,4
live,1
living,1
longterm,1
lots,1
lq,1
lueukodermashe,1
magazine,1
maichard,1
maiden,1
mainedcm,3
mainedcmaldenrichardsgmanetworkteamdtbymainemcdo,1
mainemcdostaclaraturns,1
mainetrendteam,1
make,1
malaking,1
manager,7
map,1
mapapanuod,1
markets,1
media,1
meet,4
meetme,1
menggalurks,6
mga,1
million,1
mismo,1
misscrau,1
moon,1
moonshot,1
moonshotthxlisa,1
moschino,3
moving,1
msmay,1
municipal,1
myungsoo,7
myungsoointv,10
na,5
newly,2
ng,1
nice,1
oatpanuwat,3
ofctrendsetter,5
online,1
oppa,6
options,1
oshopping,1
outdoor,1
pa,1
palitchoke,3
para,1
peck,3
peckpalit,2
peckpalitchoke,2
people,3
pheno,1
phenomenal,3
pic,1
pm,1
policies,1
pose,3
poses,3
preaw,1
pregnant,1
preview,2
province,1
pune,1
rapidly,1
rassamimarn,1
raymcgovern,2
relations,1
releas,2
rickshaw,1
rituja,1
ronaldofcabuhat,3
sa,5
safely,5
saksajeebnominate,1
sarahmo,1
school,1
season,1
sen,2
sextury,1
shells,1
shindong,1
show,19
shown,1
sick,1
sim,1
sinag,2
singer,1
site,2
small,1
socwdbistar,1
soonex,4
sorn,2
speaker,1
sponsor,1
streaming,1
street,1
studi,1
sukumpeeranont,1
summit,1
sunshine,1
super,1
supervis,2
taxi,1
tblinks,2
tbworld,2
teamdtby,1
tee,1
teenager,1
thai,3
thaicaverescue,1
thailand,53
thailanddont,1
thailandget,2
thailandnk,7
thailandpalitmylove,10
thailandubex,1
thais,2
thanasap,1
tisoyampmengs,3
tits,1
town,1
traderjane,1
travel,1
tweet,1
ubex,1
update,5
vid,17
visa,1
waterboarding,2
wearing,1
week,4
welcomehomelisa,6
wet,1
whippedforlisax,6
wow,1
wrapp,6
xhamster,1
years,1
yellowcr,1
yonglabajo,1
young,1
yuhonghwelcomeho,4
yuhonghwelcomehomel,1
yun,1
